"triad_id","t1","changed_n1","changed_n2","changed_asym","max_asym","node1","node2","node3","emb12","emb13","emb23","name1","name2","nname1","nname2","nname3"
"20-200-365",1962,"200","365",0.87524897970875,0.87524897970875,"20","200","365",22,12,14,"United Kingdom","Russia","Canada","United Kingdom","Russia"
"200-220-365",1962,"200","365",0.87524897970875,0.87524897970875,"200","220","365",27,14,14,"United Kingdom","Russia","United Kingdom","France","Russia"
"200-365-750",1962,"200","365",0.87524897970875,0.87524897970875,"200","365","750",14,12,11,"United Kingdom","Russia","United Kingdom","Russia","India"
"200-365-775",1962,"200","365",0.87524897970875,0.87524897970875,"200","365","775",14,11,11,"United Kingdom","Russia","United Kingdom","Russia","Myanmar"
"200-365-811",1962,"200","365",0.87524897970875,0.87524897970875,"200","365","811",14,11,11,"United Kingdom","Russia","United Kingdom","Russia","Cambodia"
"200-365-816",1962,"200","365",0.87524897970875,0.87524897970875,"200","365","816",14,11,12,"United Kingdom","Russia","United Kingdom","Russia","Vietnam"
"2-31-41",1994,"2","41",0.741534193893652,0.741534193893652,"2","31","41",32,35,32,"United States of America","Haiti","United States of America","Bahamas","Haiti"
"2-41-51",1994,"2","41",0.741534193893652,0.741534193893652,"2","41","51",35,32,32,"United States of America","Haiti","United States of America","Haiti","Jamaica"
"2-41-52",1994,"2","41",0.741534193893652,0.741534193893652,"2","41","52",35,32,32,"United States of America","Haiti","United States of America","Haiti","Trinidad and Tobago"
"2-41-53",1994,"2","41",0.741534193893652,0.741534193893652,"2","41","53",35,32,32,"United States of America","Haiti","United States of America","Haiti","Barbados"
"2-41-54",1994,"2","41",0.741534193893652,0.741534193893652,"2","41","54",35,32,32,"United States of America","Haiti","United States of America","Haiti","Dominica"
"2-41-55",1994,"2","41",0.741534193893652,0.741534193893652,"2","41","55",35,32,32,"United States of America","Haiti","United States of America","Haiti","Grenada"
"2-41-56",1994,"2","41",0.741534193893652,0.741534193893652,"2","41","56",35,32,32,"United States of America","Haiti","United States of America","Haiti","St. Lucia"
"2-41-57",1994,"2","41",0.741534193893652,0.741534193893652,"2","41","57",35,32,32,"United States of America","Haiti","United States of America","Haiti","St. Vincent and the Grenadines"
"2-41-60",1994,"2","41",0.741534193893652,0.741534193893652,"2","41","60",35,32,32,"United States of America","Haiti","United States of America","Haiti","St. Kitts and Nevis"
"2-41-70",1994,"2","41",0.741534193893652,0.741534193893652,"2","41","70",35,32,32,"United States of America","Haiti","United States of America","Haiti","Mexico"
"2-41-80",1994,"2","41",0.741534193893652,0.741534193893652,"2","41","80",35,32,32,"United States of America","Haiti","United States of America","Haiti","Belize"
"2-41-90",1994,"2","41",0.741534193893652,0.741534193893652,"2","41","90",35,32,32,"United States of America","Haiti","United States of America","Haiti","Guatemala"
"2-41-91",1994,"2","41",0.741534193893652,0.741534193893652,"2","41","91",35,32,32,"United States of America","Haiti","United States of America","Haiti","Honduras"
"2-41-92",1994,"2","41",0.741534193893652,0.741534193893652,"2","41","92",35,32,32,"United States of America","Haiti","United States of America","Haiti","El Salvador"
"2-41-93",1994,"2","41",0.741534193893652,0.741534193893652,"2","41","93",35,32,32,"United States of America","Haiti","United States of America","Haiti","Nicaragua"
"2-41-94",1994,"2","41",0.741534193893652,0.741534193893652,"2","41","94",35,32,32,"United States of America","Haiti","United States of America","Haiti","Costa Rica"
"2-41-95",1994,"2","41",0.741534193893652,0.741534193893652,"2","41","95",35,32,32,"United States of America","Haiti","United States of America","Haiti","Panama"
"2-41-90",1958,"2","90",0.632727816477598,0.632727816477598,"2","41","90",19,19,19,"United States of America","Guatemala","United States of America","Haiti","Guatemala"
"2-42-90",1958,"2","90",0.632727816477598,0.632727816477598,"2","42","90",19,19,19,"United States of America","Guatemala","United States of America","Dominican Republic","Guatemala"
"2-90-91",1958,"2","90",0.632727816477598,0.632727816477598,"2","90","91",19,19,19,"United States of America","Guatemala","United States of America","Guatemala","Honduras"
"2-90-92",1958,"2","90",0.632727816477598,0.632727816477598,"2","90","92",19,19,19,"United States of America","Guatemala","United States of America","Guatemala","El Salvador"
"2-90-93",1958,"2","90",0.632727816477598,0.632727816477598,"2","90","93",19,19,19,"United States of America","Guatemala","United States of America","Guatemala","Nicaragua"
"2-90-94",1958,"2","90",0.632727816477598,0.632727816477598,"2","90","94",19,19,19,"United States of America","Guatemala","United States of America","Guatemala","Costa Rica"
"2-41-90",1963,"2","41",0.614023062643351,0.614023062643351,"2","41","90",20,18,18,"United States of America","Haiti","United States of America","Haiti","Guatemala"
"2-41-91",1963,"2","41",0.614023062643351,0.614023062643351,"2","41","91",20,18,18,"United States of America","Haiti","United States of America","Haiti","Honduras"
"2-41-92",1963,"2","41",0.614023062643351,0.614023062643351,"2","41","92",20,18,18,"United States of America","Haiti","United States of America","Haiti","El Salvador"
"2-41-93",1963,"2","41",0.614023062643351,0.614023062643351,"2","41","93",20,18,18,"United States of America","Haiti","United States of America","Haiti","Nicaragua"
"2-41-94",1963,"2","41",0.614023062643351,0.614023062643351,"2","41","94",20,18,18,"United States of America","Haiti","United States of America","Haiti","Costa Rica"
"2-41-95",1963,"2","41",0.614023062643351,0.614023062643351,"2","41","95",20,18,18,"United States of America","Haiti","United States of America","Haiti","Panama"
"2-42-90",1961,"2","42",0.592405187151333,0.592405187151333,"2","42","90",19,19,19,"United States of America","Dominican Republic","United States of America","Dominican Republic","Guatemala"
"2-42-91",1961,"2","42",0.592405187151333,0.592405187151333,"2","42","91",19,19,19,"United States of America","Dominican Republic","United States of America","Dominican Republic","Honduras"
"2-42-92",1961,"2","42",0.592405187151333,0.592405187151333,"2","42","92",19,19,19,"United States of America","Dominican Republic","United States of America","Dominican Republic","El Salvador"
"2-42-93",1961,"2","42",0.592405187151333,0.592405187151333,"2","42","93",19,19,19,"United States of America","Dominican Republic","United States of America","Dominican Republic","Nicaragua"
"2-42-94",1961,"2","42",0.592405187151333,0.592405187151333,"2","42","94",19,19,19,"United States of America","Dominican Republic","United States of America","Dominican Republic","Costa Rica"
"365-710-731",2010,"710","731",0.57803055911419,0.57803055911419,"365","710","731",6,1,2,"China","North Korea","Russia","China","North Korea"
"2-20-200",1997,"2","20",0.540045585738442,0.540045585738442,"2","20","200",47,15,14,"United States of America","Canada","United States of America","Canada","United Kingdom"
"2-20-210",1997,"2","20",0.540045585738442,0.540045585738442,"2","20","210",47,14,14,"United States of America","Canada","United States of America","Canada","Netherlands"
"2-20-211",1997,"2","20",0.540045585738442,0.540045585738442,"2","20","211",47,14,14,"United States of America","Canada","United States of America","Canada","Belgium"
"2-20-212",1997,"2","20",0.540045585738442,0.540045585738442,"2","20","212",47,14,14,"United States of America","Canada","United States of America","Canada","Luxembourg"
"2-20-220",1997,"2","20",0.540045585738442,0.540045585738442,"2","20","220",47,15,15,"United States of America","Canada","United States of America","Canada","France"
"2-20-230",1997,"2","20",0.540045585738442,0.540045585738442,"2","20","230",47,14,14,"United States of America","Canada","United States of America","Canada","Spain"
"2-20-235",1997,"2","20",0.540045585738442,0.540045585738442,"2","20","235",47,14,14,"United States of America","Canada","United States of America","Canada","Portugal"
"2-20-255",1997,"2","20",0.540045585738442,0.540045585738442,"2","20","255",47,15,15,"United States of America","Canada","United States of America","Canada","Germany"
"2-20-325",1997,"2","20",0.540045585738442,0.540045585738442,"2","20","325",47,14,14,"United States of America","Canada","United States of America","Canada","Italy"
"2-20-350",1997,"2","20",0.540045585738442,0.540045585738442,"2","20","350",47,14,14,"United States of America","Canada","United States of America","Canada","Greece"
"2-20-385",1997,"2","20",0.540045585738442,0.540045585738442,"2","20","385",47,14,14,"United States of America","Canada","United States of America","Canada","Norway"
"2-20-390",1997,"2","20",0.540045585738442,0.540045585738442,"2","20","390",47,14,14,"United States of America","Canada","United States of America","Canada","Denmark"
"2-20-395",1997,"2","20",0.540045585738442,0.540045585738442,"2","20","395",47,14,14,"United States of America","Canada","United States of America","Canada","Iceland"
"2-20-51",1997,"2","20",0.540045585738442,0.540045585738442,"2","20","51",47,32,32,"United States of America","Canada","United States of America","Canada","Jamaica"
"2-20-52",1997,"2","20",0.540045585738442,0.540045585738442,"2","20","52",47,32,32,"United States of America","Canada","United States of America","Canada","Trinidad and Tobago"
"2-20-53",1997,"2","20",0.540045585738442,0.540045585738442,"2","20","53",47,32,32,"United States of America","Canada","United States of America","Canada","Barbados"
"2-20-54",1997,"2","20",0.540045585738442,0.540045585738442,"2","20","54",47,32,32,"United States of America","Canada","United States of America","Canada","Dominica"
"2-20-55",1997,"2","20",0.540045585738442,0.540045585738442,"2","20","55",47,32,32,"United States of America","Canada","United States of America","Canada","Grenada"
"2-20-56",1997,"2","20",0.540045585738442,0.540045585738442,"2","20","56",47,32,32,"United States of America","Canada","United States of America","Canada","St. Lucia"
